Sample Type,Analysis Name,Sample_Code,Client Name,Farm Name,field_6,Field Name,Cooperative,y,x,Crop,Depth,Condition,Comments,C (%),%Sand (%),%Silt (%),BD (g/cm3),%Clay (%),FAO Soil Type,BD_imputed,BD_was_imputed,SOC_stock_tCha
Soil Analysis,"Soil Organic Carbon (Dry Combustion) ,Soil Texture Analysis",CR442SA0255,Regenerative carbon Alliance,Regenerative carbon Alliance,,K02,Kabianga,-0.452,35.18,Tea,Top Soil,Moist,,7.75,25.3,22.0,,52.7,NTu,1.0050000000000001,True,233.66250000000002
Soil Analysis,"Soil Organic Carbon (Dry Combustion) ,Soil Texture Analysis",CR442SA0256,Regenerative carbon Alliance,Regenerative carbon Alliance,,K03,Kabianga,-0.455,35.185,Tea,Top Soil,Moist,,5.6,15.3,16.0,,68.7,NTu,1.0050000000000001,True,168.84
Soil Analysis,"Soil Organic Carbon (Dry Combustion) ,Soil Texture Analysis",CR442SA0257,Regenerative carbon Alliance,Regenerative carbon Alliance,,K04,Kabianga,-0.457,35.19,Tea,Top Soil,Moist,,4.91,19.3,20.0,,60.7,NTu,1.0050000000000001,True,148.03650000000002
Soil Analysis,"Soil Organic Carbon (Dry Combustion) ,Soil Texture Analysis",CR442SA0258,Regenerative carbon Alliance,Regenerative carbon Alliance,,K15,Kabianga,-0.47,35.17,Tea,Top Soil,Moist,,5.28,17.3,20.0,,62.7,NTu,1.0050000000000001,True,159.19200000000004
Soil Analysis,"Soil Organic Carbon (Dry Combustion) ,Soil Texture Analysis",CR442SA0259,Regenerative carbon Alliance,Regenerative carbon Alliance,,K17,Kabianga,-0.48,35.165,Tea,Top Soil,Moist,,8.9,31.3,22.0,,46.7,NTu,1.0050000000000001,True,268.3350000000001
Soil Analysis,"Soil Organic Carbon (Dry Combustion) ,Soil Texture Analysis",CR442SA0260,Regenerative carbon Alliance,Regenerative carbon Alliance,,K20,Kabianga,-0.49,35.16,Tea,Top Soil,Moist,,5.16,21.3,22.0,,56.7,NTu,1.0050000000000001,True,155.57400000000004
Soil Analysis,"Soil Organic Carbon (Dry Combustion) ,Soil Texture Analysis",CR442SA0261,Regenerative carbon Alliance,Regenerative carbon Alliance,,KNTU022,Kabianga,-0.495,35.175,Tea,Top Soil,Moist,,4.26,23.3,20.0,,56.7,NTu,1.0050000000000001,True,128.43900000000002
Soil Analysis,"Soil Organic Carbon (Dry Combustion) ,Soil Texture Analysis",CR442SA0262,Regenerative carbon Alliance,Regenerative carbon Alliance,,KA59,Kabianga,-0.4152,35.16187,Kale,Top Soil,Moist,,4.39,21.3,26.0,,52.7,NTu,1.0050000000000001,True,132.3585
Soil Analysis,"Soil Organic Carbon (Dry Combustion) ,Soil Texture Analysis",CR442SA0265,Regenerative carbon Alliance,Regenerative carbon Alliance,,KNTU023,Kabianga,-0.5,35.18,No crop,Top Soil,Moist,,3.77,17.3,20.0,,62.7,NTu,1.0050000000000001,True,113.6655
Soil Analysis,"Soil Organic Carbon (Dry Combustion) ,Soil Texture Analysis",CR442SA0266,Regenerative carbon Alliance,Regenerative carbon Alliance,,KNTU024,Kabianga,-0.502,35.182,Tea,Top Soil,Moist,,4.29,21.3,12.0,,66.7,NTu,1.0050000000000001,True,129.3435
Soil Analysis,"Soil Organic Carbon (Dry Combustion) ,Soil Texture Analysis",CR442SA0267,Regenerative carbon Alliance,Regenerative carbon Alliance,,KNTU025,Kabianga,-0.505,35.185,No crop,Top Soil,Moist,,1.28,21.3,46.0,,32.7,NTu,1.0050000000000001,True,38.592000000000006
Soil Analysis,"Soil Organic Carbon (Dry Combustion) ,Soil Texture Analysis",CR442SA0268,Regenerative carbon Alliance,Regenerative carbon Alliance,,K09,Kabianga,-0.46,35.182,Tea,Top Soil,Moist,,3.22,19.3,18.0,,62.7,NTu,1.0050000000000001,True,97.08300000000001
Soil Analysis,"Soil Organic Carbon (Dry Combustion) ,Soil Texture Analysis",CR442SA0126,Regenerative carbon Alliance,Regenerative carbon Alliance,,K1,Kabianga,-0.458598054,35.18384747,Tea,Top Soil,Moist,,6.71,23.6,25.6,,50.8,NTu,1.0050000000000001,True,202.3065
Soil Analysis,"Soil Organic Carbon (Dry Combustion) ,Soil Texture Analysis",CR442SA0127,Regenerative carbon Alliance,Regenerative carbon Alliance,,K11,Kabianga,-0.45589,35.19161,Tea,Top Soil,Moist,,4.4,21.6,19.6,,58.8,NTu,1.0050000000000001,True,132.66000000000003
Soil Analysis,"Soil Organic Carbon (Dry Combustion) ,Soil Texture Analysis",CR442SA0128,Regenerative carbon Alliance,Regenerative carbon Alliance,,K12,Kabianga,-0.475399764,35.12152736,Tea,Top Soil,Moist,,4.66,17.6,19.6,,62.8,NTu,1.0050000000000001,True,140.49900000000002
Soil Analysis,"Soil Organic Carbon (Dry Combustion) ,Soil Texture Analysis",CR442SA0129,Regenerative carbon Alliance,Regenerative carbon Alliance,,K18,Kabianga,-0.51053,35.16083,Tea,Top Soil,Moist,,5.51,15.6,21.6,,62.8,NTu,1.0050000000000001,True,166.1265
Soil Analysis,"Soil Organic Carbon (Dry Combustion) ,Soil Texture Analysis",CR442SA0130,Regenerative carbon Alliance,Regenerative carbon Alliance,,K26,Kabianga,-0.48964,35.13758,Tea,Top Soil,Moist,,4.21,13.6,27.6,,58.8,NTu,1.0050000000000001,True,126.9315
Soil Analysis,"Soil Organic Carbon (Dry Combustion) ,Soil Texture Analysis",CR442SA0131,Regenerative carbon Alliance,Regenerative carbon Alliance,,K27,Kabianga,-0.46031,35.17281,Tea,Top Soil,Moist,,3.48,9.64,15.6,,74.76,NTu,1.0050000000000001,True,104.922
Soil Analysis,"Soil Organic Carbon (Dry Combustion) ,Soil Texture Analysis",CR442SA0132,Regenerative carbon Alliance,Regenerative carbon Alliance,,K7,Kabianga,-0.495222436,35.13841396,Tea,Top Soil,Moist,,4.07,19.6,17.6,,62.8,NTu,1.0050000000000001,True,122.71050000000001
Soil Analysis,"Soil Organic Carbon (Dry Combustion) ,Soil Texture Analysis",CR442SA0133,Regenerative carbon Alliance,Regenerative carbon Alliance,,K9,Kabianga,-0.46361,35.18181,Tea,Top Soil,Moist,,8.85,25.6,23.6,,50.8,NTu,1.0050000000000001,True,266.82750000000004
Soil Analysis,"Soil Organic Carbon (Dry Combustion) ,Soil Texture Analysis",CR442SA0134,Regenerative carbon Alliance,Regenerative carbon Alliance,,KA13,Kabianga,-0.44298708,35.131672,Tea,Top Soil,Moist,,5.63,23.6,19.6,,56.8,NTu,1.0050000000000001,True,169.74450000000002
Soil Analysis,"Soil Bulk Density,Soil Organic Carbon (Dry Combustion),Soil Texture Analysis",CR442SA0135,Regenerative carbon Alliance,Regenerative carbon Alliance,,KA4,Kabianga,-0.4287994,35.144828,Tea,Top Soil,Moist,,5.74,29.6,19.6,0.9,50.8,NTu,0.9,False,154.98
Soil Analysis,"Soil Bulk Density,Soil Organic Carbon (Dry Combustion),Soil Texture Analysis",CR442SA0136,Regenerative carbon Alliance,Regenerative carbon Alliance,,KA50,Kabianga,-0.4173038,35.1046031,Tea,Top Soil,Moist,,3.86,21.6,19.6,1.03,58.8,NTu,1.03,False,119.27399999999999
Soil Analysis,"Soil Bulk Density,Soil Organic Carbon (Dry Combustion),Soil Texture Analysis",CR442SA0137,Regenerative carbon Alliance,Regenerative carbon Alliance,,KA50,Kabianga,-0.4173038,35.1046031,Tea,Top Soil,Moist,,2.64,19.6,13.6,0.81,66.8,NTu,0.81,False,64.152
Soil Analysis,"Soil Bulk Density,Soil Organic Carbon (Dry Combustion),Soil Texture Analysis",CR442SA0138,Regenerative carbon Alliance,Regenerative carbon Alliance,,KA51,Kabianga,-0.4222144,35.1387888,Tea,Top Soil,Moist,,3.6,15.6,19.6,1.09,64.8,NTu,1.09,False,117.72
Soil Analysis,"Soil Bulk Density,Soil Organic Carbon (Dry Combustion),Soil Texture Analysis",CR442SA0139,Regenerative carbon Alliance,Regenerative carbon Alliance,,KA52,Kabianga,-0.3989269,35.1023141,Tea,Top Soil,Moist,,3.33,23.6,21.6,1.09,54.8,NTu,1.09,False,108.891
Soil Analysis,"Soil Bulk Density,Soil Organic Carbon (Dry Combustion),Soil Texture Analysis",CR442SA0140,Regenerative carbon Alliance,Regenerative carbon Alliance,,KA53,Kabianga,-0.4050438,35.1822397,Tea,Top Soil,Moist,,6.18,21.6,25.6,1.11,52.8,NTu,1.11,False,205.79399999999998
Soil Analysis,"Soil Organic Carbon (Dry Combustion) ,Soil Texture Analysis",CR442SA0141,Regenerative carbon Alliance,Regenerative carbon Alliance,,KA54,Kabianga,-0.4251839,35.0663544,Tea,Top Soil,Moist,,3.84,15.6,23.6,,60.8,NTu,1.0050000000000001,True,115.77600000000001
Soil Analysis,"Soil Organic Carbon (Dry Combustion) ,Soil Texture Analysis",CR442SA0142,Regenerative carbon Alliance,Regenerative carbon Alliance,,KA56,Kabianga,-0.3978458,35.1277647,Tea,Top Soil,Moist,,3.54,23.6,23.6,,52.8,NTu,1.0050000000000001,True,106.73100000000002
Soil Analysis,"Soil Organic Carbon (Dry Combustion) ,Soil Texture Analysis",CR442SA0143,Regenerative carbon Alliance,Regenerative carbon Alliance,,KA56,Kabianga,-0.4043145,35.1323085,Tea,Top Soil,Moist,,4.61,21.6,21.6,,56.8,NTu,1.0050000000000001,True,138.99150000000003
Soil Analysis,"Soil Organic Carbon (Dry Combustion) ,Soil Texture Analysis",CR442SA0144,Regenerative carbon Alliance,Regenerative carbon Alliance,,KA57,Kabianga,-0.3905672,35.1565868,Corn,Top Soil,Moist,,5.81,25.6,25.6,,48.8,NTu,1.0050000000000001,True,175.1715
Soil Analysis,"Soil Organic Carbon (Dry Combustion) ,Soil Texture Analysis",CR442SA0145,Regenerative carbon Alliance,Regenerative carbon Alliance,,KA60,Kabianga,-0.4058471,35.0715111,Corn,Top Soil,Moist,,3.89,19.6,17.6,,62.8,NTu,1.0050000000000001,True,117.28350000000003
Soil Analysis,"Soil Organic Carbon (Dry Combustion) ,Soil Texture Analysis",CR442SA0146,Regenerative carbon Alliance,Regenerative carbon Alliance,,KA61,Kabianga,-0.3999222,35.089068,Tea,Top Soil,Moist,,4.03,17.6,21.6,,60.8,NTu,1.0050000000000001,True,121.50450000000004
Soil Analysis,"Soil Organic Carbon (Dry Combustion) ,Soil Texture Analysis",CR442SA0147,Regenerative carbon Alliance,Regenerative carbon Alliance,,KA62,Kabianga,-0.4451531,35.078239,Corn,Top Soil,Moist,,4.16,15.6,19.6,,64.8,NTu,1.0050000000000001,True,125.42400000000002
Soil Analysis,"Soil Organic Carbon (Dry Combustion) ,Soil Texture Analysis",CR442SA0148,Regenerative carbon Alliance,Regenerative carbon Alliance,,KA65,Kabianga,-0.4104901,35.058115,Kale,Top Soil,Moist,,5.67,15.6,23.6,,60.8,NTu,1.0050000000000001,True,170.95050000000003
